INSERT INTO users (id, user_type, name, password, created_at, updated_at) VALUES (1, 2, 'Bridgette Lindgren', '=_}aK,&Mh=', '1994-09-13 23:01:32', '1994-09-13 23:01:32');
INSERT INTO users (id, user_type, name, password, created_at, updated_at) VALUES (2, 0, 'Dr. Darrin Jacobs', 'Uvt%4aR.J%W3#MJxJ^uF', '2013-09-13 12:15:08', '2013-09-13 12:15:08');
INSERT INTO users (id, user_type, name, password, created_at, updated_at) VALUES (3, 2, 'Linnie Denesik', 'hz}`,+`9<sN_', '1995-11-23 06:15:55', '1995-11-23 06:15:55');
INSERT INTO users (id, user_type, name, password, created_at, updated_at) VALUES (4, 1, 'Elwyn Morar III', 'zb_>e5yLvEFk__K_KS-(', '1970-03-03 08:18:37', '1970-03-03 08:18:37');
INSERT INTO users (id, user_type, name, password, created_at, updated_at) VALUES (5, 1, 'German Boyer MD', '&a4ys5x*P', '1979-05-23 23:33:48', '1979-05-23 23:33:48');
INSERT INTO users (id, user_type, name, password, created_at, updated_at) VALUES (6, 1, 'Mr. Brycen Mertz', '%z/r=|,H7lC0jW', '1978-01-17 23:52:48', '1978-01-17 23:52:48');
INSERT INTO users (id, user_type, name, password, created_at, updated_at) VALUES (7, 1, 'Wendy Schowalter PhD', 'pRHO~_mCbEn{Oie<ndg', '1974-10-11 16:10:23', '1974-10-11 16:10:23');
INSERT INTO users (id, user_type, name, password, created_at, updated_at) VALUES (8, 2, 'Hannah Fahey', 'eVqp-9%Q,d', '2010-10-20 10:02:24', '2010-10-20 10:02:24');
INSERT INTO users (id, user_type, name, password, created_at, updated_at) VALUES (9, 0, 'Juliana Cruickshank', 'G(''4^j"CsE9OI''<KA', '2017-09-18 02:09:48', '2017-09-18 02:09:48');
INSERT INTO users (id, user_type, name, password, created_at, updated_at) VALUES (10, 2, 'Prof. Justine Crona Jr.', 'e4%bn_WSjqP&p2SXK', '2005-09-04 18:07:47', '2005-09-04 18:07:47');
INSERT INTO users (id, user_type, name, password, created_at, updated_at) VALUES (11, 1, 'Keegan Reichel III', 'A0Yo\2ly;|=IFF1d<Y', '2008-12-10 12:09:45', '2008-12-10 12:09:45');
INSERT INTO users (id, user_type, name, password, created_at, updated_at) VALUES (12, 2, 'Mr. Manley O''Keefe II', 'rQxLiI0VY;mp+_.i', '1970-05-03 14:32:18', '1970-05-03 14:32:18');
INSERT INTO users (id, user_type, name, password, created_at, updated_at) VALUES (13, 0, 'Mrs. Christine Bernhard II', 'q5&m*{D1BcXl', '2004-09-24 23:07:57', '2004-09-24 23:07:57');
INSERT INTO users (id, user_type, name, password, created_at, updated_at) VALUES (14, 2, 'Lazaro Reynolds Sr.', 'W,Io=mKzg', '2001-01-11 02:21:38', '2001-01-11 02:21:38');
INSERT INTO users (id, user_type, name, password, created_at, updated_at) VALUES (15, 0, 'Maxie White', '#+$t^OS_9*Fa0|zm', '2008-07-17 13:47:25', '2008-07-17 13:47:25');
INSERT INTO users (id, user_type, name, password, created_at, updated_at) VALUES (16, 2, 'Giovani McCullough V', 'ejba,P', '1988-04-03 12:12:28', '1988-04-03 12:12:28');
INSERT INTO users (id, user_type, name, password, created_at, updated_at) VALUES (17, 2, 'Ali Krajcik', 'au>Dm,tn2}QM5', '1983-08-27 11:13:41', '1983-08-27 11:13:41');
INSERT INTO users (id, user_type, name, password, created_at, updated_at) VALUES (18, 1, 'Miss Berneice Goldner I', '#$#D\K|/q5/_)yM@{##B', '2002-02-12 02:41:58', '2002-02-12 02:41:58');
INSERT INTO users (id, user_type, name, password, created_at, updated_at) VALUES (19, 0, 'Anne Kreiger', '.s_wg"', '1997-02-23 01:03:13', '1997-02-23 01:03:13');
INSERT INTO users (id, user_type, name, password, created_at, updated_at) VALUES (20, 2, 'Henriette Schowalter', '9k~6.uJ', '1976-10-01 09:24:34', '1976-10-01 09:24:34');
INSERT INTO users (id, user_type, name, password, created_at, updated_at) VALUES (21, 2, 'Abe Goldner', '{rPKWI1x', '2005-06-24 22:41:52', '2005-06-24 22:41:52');
INSERT INTO users (id, user_type, name, password, created_at, updated_at) VALUES (22, 2, 'Magdalen Fadel', '*K85[U4#', '1996-08-05 11:10:21', '1996-08-05 11:10:21');
INSERT INTO users (id, user_type, name, password, created_at, updated_at) VALUES (23, 0, 'Elisabeth Hermiston', '</3SZ"B', '1990-10-17 03:30:51', '1990-10-17 03:30:51');
INSERT INTO users (id, user_type, name, password, created_at, updated_at) VALUES (24, 1, 'Guillermo Beier PhD', 'bX@og<u>b%[Vks', '2016-11-05 17:56:48', '2016-11-05 17:56:48');
INSERT INTO users (id, user_type, name, password, created_at, updated_at) VALUES (25, 2, 'Randall Beer', 'oXzLmL"6', '1979-01-17 05:57:55', '1979-01-17 05:57:55');
INSERT INTO users (id, user_type, name, password, created_at, updated_at) VALUES (26, 1, 'Catharine Kozey', 'R0Cl7n&', '1992-12-26 12:07:43', '1992-12-26 12:07:43');
INSERT INTO users (id, user_type, name, password, created_at, updated_at) VALUES (27, 0, 'Velma Hegmann', 'T4]vHp;(pu&-6-', '2000-12-13 07:01:38', '2000-12-13 07:01:38');
INSERT INTO users (id, user_type, name, password, created_at, updated_at) VALUES (28, 0, 'Rusty Vandervort', '''\+=vjc-mJGE', '2015-01-04 07:28:48', '2015-01-04 07:28:48');
INSERT INTO users (id, user_type, name, password, created_at, updated_at) VALUES (29, 0, 'Vivianne Sanford', 'wg7?Hwa0L021M&B0:', '2017-09-22 15:41:36', '2017-09-22 15:41:36');
INSERT INTO users (id, user_type, name, password, created_at, updated_at) VALUES (30, 0, 'Mrs. Vicky Stamm Sr.', 'KjPSA#IP&T', '1990-02-14 20:07:52', '1990-02-14 20:07:52');
INSERT INTO users (id, user_type, name, password, created_at, updated_at) VALUES (31, 0, 'Jedediah Raynor MD', 'ST$Hl\Pv9Ko8f\r]QT<', '1984-12-12 16:13:26', '1984-12-12 16:13:26');
INSERT INTO users (id, user_type, name, password, created_at, updated_at) VALUES (32, 1, 'Victoria Nikolaus', '4RK1aU}hM>X', '2001-11-09 00:30:51', '2001-11-09 00:30:51');
INSERT INTO users (id, user_type, name, password, created_at, updated_at) VALUES (33, 1, 'Miss Sylvia Weber', '\=2^E<)gk#', '1979-05-19 00:05:01', '1979-05-19 00:05:01');
INSERT INTO users (id, user_type, name, password, created_at, updated_at) VALUES (34, 0, 'Rosanna Mann', 'n?oK${1mNLp[2zfiwY', '2020-05-04 15:22:58', '2020-05-04 15:22:58');
INSERT INTO users (id, user_type, name, password, created_at, updated_at) VALUES (35, 1, 'Velda Graham', 'Ogoq#/\P#ieg8', '1980-05-09 09:03:35', '1980-05-09 09:03:35');
INSERT INTO users (id, user_type, name, password, created_at, updated_at) VALUES (36, 1, 'Hassan Kohler', '+a,8^Ve`kxX', '1994-11-04 20:14:37', '1994-11-04 20:14:37');
INSERT INTO users (id, user_type, name, password, created_at, updated_at) VALUES (37, 0, 'Obie Rau', 'DYl>,4LM)26', '1981-04-04 21:29:18', '1981-04-04 21:29:18');
INSERT INTO users (id, user_type, name, password, created_at, updated_at) VALUES (38, 2, 'Ms. Shania Price DVM', '''@]v<^r/pRFm7u*a=', '1996-11-17 06:53:28', '1996-11-17 06:53:28');
INSERT INTO users (id, user_type, name, password, created_at, updated_at) VALUES (39, 2, 'Dr. Titus Ward', 'O-@7<S:Is', '2008-05-20 05:55:55', '2008-05-20 05:55:55');
INSERT INTO users (id, user_type, name, password, created_at, updated_at) VALUES (40, 1, 'Miss Nyasia Pouros V', '*mZ<EW$fnG\h7`', '2022-07-06 22:09:10', '2022-07-06 22:09:10');
INSERT INTO users (id, user_type, name, password, created_at, updated_at) VALUES (41, 1, 'Ms. Amaya Walker V', '%-Ww2@5meL%X])Hqhwn,', '1986-02-06 00:57:02', '1986-02-06 00:57:02');
INSERT INTO users (id, user_type, name, password, created_at, updated_at) VALUES (42, 0, 'Simone McClure', '=/x/n2#j`!obGRj', '1975-09-17 11:44:14', '1975-09-17 11:44:14');
INSERT INTO users (id, user_type, name, password, created_at, updated_at) VALUES (43, 2, 'Miss Zoey Bartoletti DDS', 'f2}Kf@^S"eT', '2001-04-12 07:16:29', '2001-04-12 07:16:29');
INSERT INTO users (id, user_type, name, password, created_at, updated_at) VALUES (44, 2, 'Dr. Jovany Goyette I', 'J@KpqZe9:lNR7AS', '2006-11-03 14:37:43', '2006-11-03 14:37:43');
INSERT INTO users (id, user_type, name, password, created_at, updated_at) VALUES (45, 0, 'Bria Murray', 'Q''Pgw)-P', '1970-11-11 02:17:40', '1970-11-11 02:17:40');
INSERT INTO users (id, user_type, name, password, created_at, updated_at) VALUES (46, 0, 'Mr. Hudson Marks II', 'CFomI7_1L\SuT%OU1Df', '2011-03-22 17:24:30', '2011-03-22 17:24:30');
INSERT INTO users (id, user_type, name, password, created_at, updated_at) VALUES (47, 2, 'Muriel Kling DDS', 'pj^Z:H_<', '1976-11-26 11:52:04', '1976-11-26 11:52:04');
INSERT INTO users (id, user_type, name, password, created_at, updated_at) VALUES (48, 2, 'Natasha Goodwin', '2ycmI0XU$NJ:dcv;''', '1975-09-16 12:18:24', '1975-09-16 12:18:24');
INSERT INTO users (id, user_type, name, password, created_at, updated_at) VALUES (49, 0, 'Madilyn Tremblay I', 'Hvp;?=IsgN?8y', '2017-11-28 15:10:42', '2017-11-28 15:10:42');
INSERT INTO users (id, user_type, name, password, created_at, updated_at) VALUES (50, 1, 'Kale Buckridge', 'z[b0_o', '2020-04-15 00:55:11', '2020-04-15 00:55:11');
INSERT INTO users (id, user_type, name, password, created_at, updated_at) VALUES (51, 0, 'Helene Hettinger', 'K3?T]tiqMj19!;''(W', '2010-02-21 17:57:49', '2010-02-21 17:57:49');
INSERT INTO users (id, user_type, name, password, created_at, updated_at) VALUES (52, 2, 'Dr. Javier D''Amore II', '@_LmNB_Q^d[b/o"Aa~', '2013-09-25 20:25:24', '2013-09-25 20:25:24');
INSERT INTO users (id, user_type, name, password, created_at, updated_at) VALUES (53, 1, 'Orion Hills', 'swvKKpKF:-}j', '2007-10-14 13:46:51', '2007-10-14 13:46:51');
INSERT INTO users (id, user_type, name, password, created_at, updated_at) VALUES (54, 1, 'Mr. Moises Vandervort', 'f>vYWZYYm>O%A50l,', '1989-04-21 22:46:48', '1989-04-21 22:46:48');
INSERT INTO users (id, user_type, name, password, created_at, updated_at) VALUES (55, 0, 'Syble Dooley', 'mcXY\#bT_y(JG<`dXqz]', '1995-03-15 04:36:53', '1995-03-15 04:36:53');
INSERT INTO users (id, user_type, name, password, created_at, updated_at) VALUES (56, 2, 'Winfield Schultz', 'sI"!/)c9(aUU]b', '1983-04-26 02:17:20', '1983-04-26 02:17:20');
INSERT INTO users (id, user_type, name, password, created_at, updated_at) VALUES (57, 1, 'Christopher Jenkins', 'py0klXsGq3{pfGCT_9o4', '1972-06-08 17:57:40', '1972-06-08 17:57:40');
INSERT INTO users (id, user_type, name, password, created_at, updated_at) VALUES (58, 1, 'Janiya Senger', 'k.3`~#h>''(Z-ch|i14fY', '1982-07-04 11:29:35', '1982-07-04 11:29:35');
INSERT INTO users (id, user_type, name, password, created_at, updated_at) VALUES (59, 1, 'Mr. Edison Keebler II', 'vepdjq$B8"efjFm`GR', '2016-06-28 03:14:56', '2016-06-28 03:14:56');
INSERT INTO users (id, user_type, name, password, created_at, updated_at) VALUES (60, 1, 'Micheal Paucek', '5Kqy<(Z', '1977-03-20 06:14:57', '1977-03-20 06:14:57');
INSERT INTO users (id, user_type, name, password, created_at, updated_at) VALUES (61, 1, 'Daniela Fritsch', '1pc_i9vayE', '1976-12-21 05:08:11', '1976-12-21 05:08:11');
INSERT INTO users (id, user_type, name, password, created_at, updated_at) VALUES (62, 2, 'Gay Kertzmann', 'on~|esu1#"IY', '1982-10-20 15:42:43', '1982-10-20 15:42:43');
INSERT INTO users (id, user_type, name, password, created_at, updated_at) VALUES (63, 2, 'Mohamed Orn', '.Z5TVv', '1975-12-06 08:27:43', '1975-12-06 08:27:43');
INSERT INTO users (id, user_type, name, password, created_at, updated_at) VALUES (64, 0, 'Lina Thiel', '{_`!H#y?L', '1970-04-05 12:22:35', '1970-04-05 12:22:35');
INSERT INTO users (id, user_type, name, password, created_at, updated_at) VALUES (65, 1, 'Lora Kovacek', 'KQ:.IzO^J>Ej3H)+', '1981-02-27 18:47:12', '1981-02-27 18:47:12');
INSERT INTO users (id, user_type, name, password, created_at, updated_at) VALUES (66, 2, 'Camren Lockman III', '|L$?#9A2Ok-W', '1992-10-16 10:37:57', '1992-10-16 10:37:57');
INSERT INTO users (id, user_type, name, password, created_at, updated_at) VALUES (67, 1, 'Jacky Jones', 'E7VchD01:\', '1970-12-11 17:42:10', '1970-12-11 17:42:10');
INSERT INTO users (id, user_type, name, password, created_at, updated_at) VALUES (68, 0, 'Sherman Bailey Sr.', 'wVYt~k=w3M}2', '2007-06-17 01:20:24', '2007-06-17 01:20:24');
INSERT INTO users (id, user_type, name, password, created_at, updated_at) VALUES (69, 1, 'Kiera Kuvalis', '+kFm1j4HS6K3', '2011-01-15 22:55:32', '2011-01-15 22:55:32');
INSERT INTO users (id, user_type, name, password, created_at, updated_at) VALUES (70, 1, 'Fern Fritsch', 'WREZk+38wLv{RP&', '2021-06-15 05:38:49', '2021-06-15 05:38:49');
INSERT INTO users (id, user_type, name, password, created_at, updated_at) VALUES (71, 2, 'Felipe Jast', '6d4Tl*u&', '1996-05-28 01:00:19', '1996-05-28 01:00:19');
INSERT INTO users (id, user_type, name, password, created_at, updated_at) VALUES (72, 2, 'Prof. Wilbert Fisher III', 'c]d"zYZa6', '1982-11-03 13:28:14', '1982-11-03 13:28:14');
INSERT INTO users (id, user_type, name, password, created_at, updated_at) VALUES (73, 0, 'Keaton Okuneva', 'LFW3/7', '1980-12-02 03:34:31', '1980-12-02 03:34:31');
INSERT INTO users (id, user_type, name, password, created_at, updated_at) VALUES (74, 1, 'Duncan Hirthe', '/AIgztcM)K', '1990-03-02 01:45:07', '1990-03-02 01:45:07');
INSERT INTO users (id, user_type, name, password, created_at, updated_at) VALUES (75, 1, 'Rigoberto Weber', 'sApk7NZFt\I/r}Z%>', '1992-01-14 10:16:08', '1992-01-14 10:16:08');
INSERT INTO users (id, user_type, name, password, created_at, updated_at) VALUES (76, 0, 'Shaina Zieme', '?AEl2dI.phU==giIG>)*', '2007-09-08 13:46:00', '2007-09-08 13:46:00');
INSERT INTO users (id, user_type, name, password, created_at, updated_at) VALUES (77, 1, 'Maximilian Bins', 'sGQ3lCxG>#Tph4u&', '2000-04-10 21:18:14', '2000-04-10 21:18:14');
INSERT INTO users (id, user_type, name, password, created_at, updated_at) VALUES (78, 1, 'Dr. Dalton Ward V', '=faFKmT#%', '2005-07-22 10:56:49', '2005-07-22 10:56:49');
INSERT INTO users (id, user_type, name, password, created_at, updated_at) VALUES (79, 1, 'Timmy Moen', '~m^aW91@D9^`,c^=58S', '2005-08-04 18:57:01', '2005-08-04 18:57:01');
INSERT INTO users (id, user_type, name, password, created_at, updated_at) VALUES (80, 0, 'Jaiden Mertz', '~w/;1(iwJG/-P', '2019-03-17 05:57:12', '2019-03-17 05:57:12');
INSERT INTO users (id, user_type, name, password, created_at, updated_at) VALUES (81, 1, 'Sandrine Bergstrom', 'Bs7/]A4`', '2002-10-30 06:23:37', '2002-10-30 06:23:37');
INSERT INTO users (id, user_type, name, password, created_at, updated_at) VALUES (82, 0, 'Rosa Weber', '^S["nNzZF~bf\', '2022-03-11 08:02:24', '2022-03-11 08:02:24');
INSERT INTO users (id, user_type, name, password, created_at, updated_at) VALUES (83, 2, 'Prof. Bettye Bahringer DDS', '3@c0]gqSP*c,9u`', '2014-05-10 18:24:15', '2014-05-10 18:24:15');
INSERT INTO users (id, user_type, name, password, created_at, updated_at) VALUES (84, 0, 'Aniya Russel', 'xsn;.:)ByHP(1', '1982-04-17 03:24:03', '1982-04-17 03:24:03');
INSERT INTO users (id, user_type, name, password, created_at, updated_at) VALUES (85, 2, 'Marjorie Kub', 'ZV)DnD6', '1980-06-16 14:41:45', '1980-06-16 14:41:45');
INSERT INTO users (id, user_type, name, password, created_at, updated_at) VALUES (86, 2, 'Nyah Lemke V', '8Q8D13CNg%KV&I=af', '2009-06-12 12:11:46', '2009-06-12 12:11:46');
INSERT INTO users (id, user_type, name, password, created_at, updated_at) VALUES (87, 0, 'Deshaun Batz', 'Cw^pvlb#L0>HmYP', '2010-01-30 20:02:33', '2010-01-30 20:02:33');
INSERT INTO users (id, user_type, name, password, created_at, updated_at) VALUES (88, 1, 'Lew Hayes V', '2MO/{j:Eb2DhJ', '1974-05-14 08:15:24', '1974-05-14 08:15:24');
INSERT INTO users (id, user_type, name, password, created_at, updated_at) VALUES (89, 0, 'Roosevelt Schneider', 'NWu7t+^pKRgF:op', '1989-05-18 00:33:47', '1989-05-18 00:33:47');
INSERT INTO users (id, user_type, name, password, created_at, updated_at) VALUES (90, 1, 'Twila Toy', '''fU^NY', '2008-03-09 05:42:11', '2008-03-09 05:42:11');
INSERT INTO users (id, user_type, name, password, created_at, updated_at) VALUES (91, 2, 'Waylon Murphy', 'M~L/[3R/-5U(|t', '2008-05-26 18:46:40', '2008-05-26 18:46:40');
INSERT INTO users (id, user_type, name, password, created_at, updated_at) VALUES (92, 2, 'Gust Corwin', 'PYO+tZ`6>;"XdW', '2008-06-22 20:23:17', '2008-06-22 20:23:17');
INSERT INTO users (id, user_type, name, password, created_at, updated_at) VALUES (93, 1, 'Kiera Boyer', '&(GHw-?c+PtK4L!s', '2004-06-16 04:40:13', '2004-06-16 04:40:13');
INSERT INTO users (id, user_type, name, password, created_at, updated_at) VALUES (94, 2, 'Buford Satterfield', '~|G~C>YmL|_&L$=.', '1971-06-21 21:10:15', '1971-06-21 21:10:15');
INSERT INTO users (id, user_type, name, password, created_at, updated_at) VALUES (95, 0, 'Mr. Landen Murray Jr.', '?E|@HN{', '2002-10-19 18:01:53', '2002-10-19 18:01:53');
INSERT INTO users (id, user_type, name, password, created_at, updated_at) VALUES (96, 2, 'Rubye Schimmel', 'N^(Q,''_bg', '1977-07-01 02:57:54', '1977-07-01 02:57:54');
INSERT INTO users (id, user_type, name, password, created_at, updated_at) VALUES (97, 2, 'Korey Lemke DVM', 'TEB!v@', '2017-04-08 03:34:25', '2017-04-08 03:34:25');
INSERT INTO users (id, user_type, name, password, created_at, updated_at) VALUES (98, 1, 'Ms. Joelle Breitenberg IV', '3Q@Xg[P6r8', '2016-07-06 09:17:22', '2016-07-06 09:17:22');
INSERT INTO users (id, user_type, name, password, created_at, updated_at) VALUES (99, 0, 'Toni Eichmann', 'aw)P*m{', '1984-05-15 09:41:18', '1984-05-15 09:41:18');
INSERT INTO users (id, user_type, name, password, created_at, updated_at) VALUES (100, 1, 'Bette Mills', 'ZTb}-u}', '1970-06-19 09:18:03', '1970-06-19 09:18:03');

INSERT INTO customers (id, user_id, cpf, balance, created_at, updated_at) VALUES (1, 4, '964.513.107-02', '0', '1970-03-03 08:18:37', '1970-03-03 08:18:37');
INSERT INTO customers (id, user_id, cpf, balance, created_at, updated_at) VALUES (2, 5, '480.083.120-04', '0', '1979-05-23 23:33:48', '1979-05-23 23:33:48');
INSERT INTO customers (id, user_id, cpf, balance, created_at, updated_at) VALUES (3, 6, '673.151.395-49', '0', '1978-01-17 23:52:48', '1978-01-17 23:52:48');
INSERT INTO customers (id, user_id, cpf, balance, created_at, updated_at) VALUES (4, 7, '335.985.065-98', '0', '1974-10-11 16:10:23', '1974-10-11 16:10:23');
INSERT INTO customers (id, user_id, cpf, balance, created_at, updated_at) VALUES (5, 11, '619.299.760-99', '0', '2008-12-10 12:09:45', '2008-12-10 12:09:45');
INSERT INTO customers (id, user_id, cpf, balance, created_at, updated_at) VALUES (6, 18, '266.531.976-59', '0', '2002-02-12 02:41:58', '2002-02-12 02:41:58');
INSERT INTO customers (id, user_id, cpf, balance, created_at, updated_at) VALUES (7, 24, '647.561.047-33', '0', '2016-11-05 17:56:48', '2016-11-05 17:56:48');
INSERT INTO customers (id, user_id, cpf, balance, created_at, updated_at) VALUES (8, 26, '172.055.576-31', '0', '1992-12-26 12:07:43', '1992-12-26 12:07:43');
INSERT INTO customers (id, user_id, cpf, balance, created_at, updated_at) VALUES (9, 32, '519.863.982-74', '0', '2001-11-09 00:30:51', '2001-11-09 00:30:51');
INSERT INTO customers (id, user_id, cpf, balance, created_at, updated_at) VALUES (10, 33, '576.175.615-09', '0', '1979-05-19 00:05:01', '1979-05-19 00:05:01');
INSERT INTO customers (id, user_id, cpf, balance, created_at, updated_at) VALUES (11, 35, '319.045.612-08', '0', '1980-05-09 09:03:35', '1980-05-09 09:03:35');
INSERT INTO customers (id, user_id, cpf, balance, created_at, updated_at) VALUES (12, 36, '148.974.219-05', '0', '1994-11-04 20:14:37', '1994-11-04 20:14:37');
INSERT INTO customers (id, user_id, cpf, balance, created_at, updated_at) VALUES (13, 40, '677.737.283-71', '0', '2022-07-06 22:09:10', '2022-07-06 22:09:10');
INSERT INTO customers (id, user_id, cpf, balance, created_at, updated_at) VALUES (14, 41, '589.495.804-98', '0', '1986-02-06 00:57:02', '1986-02-06 00:57:02');
INSERT INTO customers (id, user_id, cpf, balance, created_at, updated_at) VALUES (15, 50, '570.325.502-35', '0', '2020-04-15 00:55:11', '2020-04-15 00:55:11');
INSERT INTO customers (id, user_id, cpf, balance, created_at, updated_at) VALUES (16, 53, '548.086.149-83', '0', '2007-10-14 13:46:51', '2007-10-14 13:46:51');
INSERT INTO customers (id, user_id, cpf, balance, created_at, updated_at) VALUES (17, 54, '875.047.473-22', '0', '1989-04-21 22:46:48', '1989-04-21 22:46:48');
INSERT INTO customers (id, user_id, cpf, balance, created_at, updated_at) VALUES (18, 57, '461.986.617-95', '0', '1972-06-08 17:57:40', '1972-06-08 17:57:40');
INSERT INTO customers (id, user_id, cpf, balance, created_at, updated_at) VALUES (19, 58, '357.847.712-36', '0', '1982-07-04 11:29:35', '1982-07-04 11:29:35');
INSERT INTO customers (id, user_id, cpf, balance, created_at, updated_at) VALUES (20, 59, '302.161.922-94', '0', '2016-06-28 03:14:56', '2016-06-28 03:14:56');
INSERT INTO customers (id, user_id, cpf, balance, created_at, updated_at) VALUES (21, 60, '041.004.287-91', '0', '1977-03-20 06:14:57', '1977-03-20 06:14:57');
INSERT INTO customers (id, user_id, cpf, balance, created_at, updated_at) VALUES (22, 61, '524.912.726-44', '0', '1976-12-21 05:08:11', '1976-12-21 05:08:11');
INSERT INTO customers (id, user_id, cpf, balance, created_at, updated_at) VALUES (23, 65, '549.810.923-21', '0', '1981-02-27 18:47:12', '1981-02-27 18:47:12');
INSERT INTO customers (id, user_id, cpf, balance, created_at, updated_at) VALUES (24, 67, '247.726.667-96', '0', '1970-12-11 17:42:10', '1970-12-11 17:42:10');
INSERT INTO customers (id, user_id, cpf, balance, created_at, updated_at) VALUES (25, 69, '625.305.308-29', '0', '2011-01-15 22:55:32', '2011-01-15 22:55:32');
INSERT INTO customers (id, user_id, cpf, balance, created_at, updated_at) VALUES (26, 70, '097.556.100-97', '0', '2021-06-15 05:38:49', '2021-06-15 05:38:49');
INSERT INTO customers (id, user_id, cpf, balance, created_at, updated_at) VALUES (27, 74, '167.174.384-10', '0', '1990-03-02 01:45:07', '1990-03-02 01:45:07');
INSERT INTO customers (id, user_id, cpf, balance, created_at, updated_at) VALUES (28, 75, '143.221.279-47', '0', '1992-01-14 10:16:08', '1992-01-14 10:16:08');
INSERT INTO customers (id, user_id, cpf, balance, created_at, updated_at) VALUES (29, 77, '854.729.985-78', '0', '2000-04-10 21:18:14', '2000-04-10 21:18:14');
INSERT INTO customers (id, user_id, cpf, balance, created_at, updated_at) VALUES (30, 78, '620.669.856-96', '0', '2005-07-22 10:56:49', '2005-07-22 10:56:49');
INSERT INTO customers (id, user_id, cpf, balance, created_at, updated_at) VALUES (31, 79, '158.161.706-23', '0', '2005-08-04 18:57:01', '2005-08-04 18:57:01');
INSERT INTO customers (id, user_id, cpf, balance, created_at, updated_at) VALUES (32, 81, '252.891.643-03', '0', '2002-10-30 06:23:37', '2002-10-30 06:23:37');
INSERT INTO customers (id, user_id, cpf, balance, created_at, updated_at) VALUES (33, 88, '622.914.033-79', '0', '1974-05-14 08:15:24', '1974-05-14 08:15:24');
INSERT INTO customers (id, user_id, cpf, balance, created_at, updated_at) VALUES (34, 90, '215.882.260-80', '0', '2008-03-09 05:42:11', '2008-03-09 05:42:11');
INSERT INTO customers (id, user_id, cpf, balance, created_at, updated_at) VALUES (35, 93, '509.831.518-27', '0', '2004-06-16 04:40:13', '2004-06-16 04:40:13');
INSERT INTO customers (id, user_id, cpf, balance, created_at, updated_at) VALUES (36, 98, '031.417.467-20', '0', '2016-07-06 09:17:22', '2016-07-06 09:17:22');
INSERT INTO customers (id, user_id, cpf, balance, created_at, updated_at) VALUES (37, 100, '070.603.431-70', '0', '1970-06-19 09:18:03', '1970-06-19 09:18:03');

INSERT INTO shopkeepers (id, user_id, cnpj, balance, created_at, updated_at) VALUES (1, 1, '28.838.165/3521-23', '0', '1994-09-13 23:01:32', '1994-09-13 23:01:32');
INSERT INTO shopkeepers (id, user_id, cnpj, balance, created_at, updated_at) VALUES (2, 3, '72.412.813/8417-67', '0', '1995-11-23 06:15:55', '1995-11-23 06:15:55');
INSERT INTO shopkeepers (id, user_id, cnpj, balance, created_at, updated_at) VALUES (3, 8, '72.107.755/1132-83', '0', '2010-10-20 10:02:24', '2010-10-20 10:02:24');
INSERT INTO shopkeepers (id, user_id, cnpj, balance, created_at, updated_at) VALUES (4, 10, '02.828.049/3988-59', '0', '2005-09-04 18:07:47', '2005-09-04 18:07:47');
INSERT INTO shopkeepers (id, user_id, cnpj, balance, created_at, updated_at) VALUES (5, 12, '53.590.583/8537-42', '0', '1970-05-03 14:32:18', '1970-05-03 14:32:18');
INSERT INTO shopkeepers (id, user_id, cnpj, balance, created_at, updated_at) VALUES (6, 14, '23.616.943/1491-20', '0', '2001-01-11 02:21:38', '2001-01-11 02:21:38');
INSERT INTO shopkeepers (id, user_id, cnpj, balance, created_at, updated_at) VALUES (7, 16, '52.843.463/4105-27', '0', '1988-04-03 12:12:28', '1988-04-03 12:12:28');
INSERT INTO shopkeepers (id, user_id, cnpj, balance, created_at, updated_at) VALUES (8, 17, '12.612.470/3720-50', '0', '1983-08-27 11:13:41', '1983-08-27 11:13:41');
INSERT INTO shopkeepers (id, user_id, cnpj, balance, created_at, updated_at) VALUES (9, 20, '97.427.988/7076-35', '0', '1976-10-01 09:24:34', '1976-10-01 09:24:34');
INSERT INTO shopkeepers (id, user_id, cnpj, balance, created_at, updated_at) VALUES (10, 21, '17.716.423/8384-18', '0', '2005-06-24 22:41:52', '2005-06-24 22:41:52');
INSERT INTO shopkeepers (id, user_id, cnpj, balance, created_at, updated_at) VALUES (11, 22, '34.275.016/9388-95', '0', '1996-08-05 11:10:21', '1996-08-05 11:10:21');
INSERT INTO shopkeepers (id, user_id, cnpj, balance, created_at, updated_at) VALUES (12, 25, '29.734.686/1914-80', '0', '1979-01-17 05:57:55', '1979-01-17 05:57:55');
INSERT INTO shopkeepers (id, user_id, cnpj, balance, created_at, updated_at) VALUES (13, 38, '64.175.439/1515-36', '0', '1996-11-17 06:53:28', '1996-11-17 06:53:28');
INSERT INTO shopkeepers (id, user_id, cnpj, balance, created_at, updated_at) VALUES (14, 39, '29.927.588/0562-31', '0', '2008-05-20 05:55:55', '2008-05-20 05:55:55');
INSERT INTO shopkeepers (id, user_id, cnpj, balance, created_at, updated_at) VALUES (15, 43, '23.348.872/7894-95', '0', '2001-04-12 07:16:29', '2001-04-12 07:16:29');
INSERT INTO shopkeepers (id, user_id, cnpj, balance, created_at, updated_at) VALUES (16, 44, '45.107.825/2103-85', '0', '2006-11-03 14:37:43', '2006-11-03 14:37:43');
INSERT INTO shopkeepers (id, user_id, cnpj, balance, created_at, updated_at) VALUES (17, 47, '32.742.781/3370-97', '0', '1976-11-26 11:52:04', '1976-11-26 11:52:04');
INSERT INTO shopkeepers (id, user_id, cnpj, balance, created_at, updated_at) VALUES (18, 48, '43.666.633/4626-67', '0', '1975-09-16 12:18:24', '1975-09-16 12:18:24');
INSERT INTO shopkeepers (id, user_id, cnpj, balance, created_at, updated_at) VALUES (19, 52, '18.463.846/1061-04', '0', '2013-09-25 20:25:24', '2013-09-25 20:25:24');
INSERT INTO shopkeepers (id, user_id, cnpj, balance, created_at, updated_at) VALUES (20, 56, '31.462.010/9648-68', '0', '1983-04-26 02:17:20', '1983-04-26 02:17:20');
INSERT INTO shopkeepers (id, user_id, cnpj, balance, created_at, updated_at) VALUES (21, 62, '09.420.913/7549-68', '0', '1982-10-20 15:42:43', '1982-10-20 15:42:43');
INSERT INTO shopkeepers (id, user_id, cnpj, balance, created_at, updated_at) VALUES (22, 63, '05.820.558/2190-21', '0', '1975-12-06 08:27:43', '1975-12-06 08:27:43');
INSERT INTO shopkeepers (id, user_id, cnpj, balance, created_at, updated_at) VALUES (23, 66, '55.559.244/2763-16', '0', '1992-10-16 10:37:57', '1992-10-16 10:37:57');
INSERT INTO shopkeepers (id, user_id, cnpj, balance, created_at, updated_at) VALUES (24, 71, '26.698.596/1900-21', '0', '1996-05-28 01:00:19', '1996-05-28 01:00:19');
INSERT INTO shopkeepers (id, user_id, cnpj, balance, created_at, updated_at) VALUES (25, 72, '91.603.122/7143-27', '0', '1982-11-03 13:28:14', '1982-11-03 13:28:14');
INSERT INTO shopkeepers (id, user_id, cnpj, balance, created_at, updated_at) VALUES (26, 83, '58.179.072/7685-68', '0', '2014-05-10 18:24:15', '2014-05-10 18:24:15');
INSERT INTO shopkeepers (id, user_id, cnpj, balance, created_at, updated_at) VALUES (27, 85, '93.446.681/7123-87', '0', '1980-06-16 14:41:45', '1980-06-16 14:41:45');
INSERT INTO shopkeepers (id, user_id, cnpj, balance, created_at, updated_at) VALUES (28, 86, '88.707.203/3655-83', '0', '2009-06-12 12:11:46', '2009-06-12 12:11:46');
INSERT INTO shopkeepers (id, user_id, cnpj, balance, created_at, updated_at) VALUES (29, 91, '32.156.202/8334-91', '0', '2008-05-26 18:46:40', '2008-05-26 18:46:40');
INSERT INTO shopkeepers (id, user_id, cnpj, balance, created_at, updated_at) VALUES (30, 92, '29.523.079/2128-15', '0', '2008-06-22 20:23:17', '2008-06-22 20:23:17');
INSERT INTO shopkeepers (id, user_id, cnpj, balance, created_at, updated_at) VALUES (31, 94, '45.360.944/9422-91', '0', '1971-06-21 21:10:15', '1971-06-21 21:10:15');
INSERT INTO shopkeepers (id, user_id, cnpj, balance, created_at, updated_at) VALUES (32, 96, '89.162.786/0462-82', '0', '1977-07-01 02:57:54', '1977-07-01 02:57:54');
INSERT INTO shopkeepers (id, user_id, cnpj, balance, created_at, updated_at) VALUES (33, 97, '74.160.944/9169-41', '0', '2017-04-08 03:34:25', '2017-04-08 03:34:25');
